,level,subject,gender,year,value_perc,category
0,Basic,Polish ,Women,2015,67.3,Humanistic
1,Basic,Belarusian,Women,2015,77.4,Languages
2,Basic,Lithuanian ,Women,2015,83.5,Languages
3,Basic,Ukrainian ,Women,2015,77.4,Languages
4,Basic,Maths,Women,2015,52.7,Sciences
5,Basic,English,Women,2015,75.8,Languages
6,Basic,German,Women,2015,71.9,Languages
7,Basic,French,Women,2015,82.1,Languages
8,Basic,Russian,Women,2015,68.7,Languages
9,Basic,Spanish ,Women,2015,83.9,Languages
10,Basic,Italian ,Women,2015,78.2,Languages
11,Basic,Polish ,Men,2015,62.9,Humanistic
12,Basic,Belarusian,Men,2015,67.8,Languages
13,Basic,Lithuanian ,Men,2015,73.0,Languages
14,Basic,Ukrainian ,Men,2015,78.3,Languages
15,Basic,Maths,Men,2015,58.0,Sciences
16,Basic,English,Men,2015,78.2,Languages
17,Basic,German,Men,2015,70.7,Languages
18,Basic,French,Men,2015,83.8,Languages
19,Basic,Russian,Men,2015,64.3,Languages
20,Basic,Spanish ,Men,2015,83.7,Languages
21,Basic,Italian ,Men,2015,79.1,Languages
22,Basic,Polish ,Altogether,2015,65.7,Humanistic
23,Basic,Belarusian,Altogether,2015,74.0,Languages
24,Basic,Lithuanian ,Altogether,2015,77.9,Languages
25,Basic,Ukrainian ,Altogether,2015,77.8,Languages
26,Basic,Maths,Altogether,2015,54.7,Sciences
27,Basic,English,Altogether,2015,76.7,Languages
28,Basic,German,Altogether,2015,71.5,Languages
29,Basic,French,Altogether,2015,82.5,Languages
30,Basic,Russian,Altogether,2015,67.5,Languages
31,Basic,Spanish ,Altogether,2015,83.9,Languages
32,Basic,Italian ,Altogether,2015,78.4,Languages
33,Advanced,Polish ,Women,2015,61.0,Humanistic
34,Advanced,Belarusian,Women,2015,100.0,Languages
35,Advanced,Lithuanian ,Women,2015,77.7,Languages
36,Advanced,Ukrainian ,Women,2015,97.2,Languages
37,Advanced,Maths,Women,2015,40.2,Sciences
38,Advanced,English,Women,2015,62.1,Languages
39,Advanced,German,Women,2015,61.7,Languages
40,Advanced,French,Women,2015,58.6,Languages
41,Advanced,Russian,Women,2015,65.6,Languages
42,Advanced,Spanish ,Women,2015,59.0,Languages
43,Advanced,Italian ,Women,2015,68.8,Languages
44,Advanced,Civics,Women,2015,24.7,Humanistic
45,Advanced,Geography,Women,2015,40.8,Sciences
46,Advanced,Biology,Women,2015,41.9,Sciences
47,Advanced,Chemistry,Women,2015,50.7,Sciences
48,Advanced,History,Women,2015,48.3,Humanistic
49,Advanced,Physics,Women,2015,39.3,Sciences
50,Advanced,History of music,Women,2015,63.8,Humanistic
51,Advanced,History of art,Women,2015,45.3,Humanistic
52,Advanced,Philosophy,Women,2015,64.2,Humanistic
53,Advanced,Latin and ancient culture,Women,2015,52.5,Languages
54,Advanced,Informatics,Women,2015,43.3,Sciences
55,Advanced,Kashubian,Women,2015,64.9,Languages
56,Advanced,Lemko ,Women,2015,95.0,Languages
57,Advanced,Polish ,Men,2015,60.1,Humanistic
58,Advanced,Belarusian,Men,2015,100.0,Languages
59,Advanced,Lithuanian ,Men,2015,71.8,Languages
60,Advanced,Ukrainian ,Men,2015,98.3,Languages
61,Advanced,Maths,Men,2015,42.3,Sciences
62,Advanced,English,Men,2015,64.9,Languages
63,Advanced,German,Men,2015,65.3,Languages
64,Advanced,French,Men,2015,58.7,Languages
65,Advanced,Russian,Men,2015,65.8,Languages
66,Advanced,Spanish ,Men,2015,56.3,Languages
67,Advanced,Italian ,Men,2015,71.5,Languages
68,Advanced,Civics,Men,2015,29.7,Humanistic
69,Advanced,Geography,Men,2015,42.3,Sciences
70,Advanced,Biology,Men,2015,46.5,Sciences
71,Advanced,Chemistry,Men,2015,54.5,Sciences
72,Advanced,History,Men,2015,51.7,Humanistic
73,Advanced,Physics,Men,2015,45.7,Sciences
74,Advanced,History of music,Men,2015,54.0,Humanistic
75,Advanced,History of art,Men,2015,43.6,Humanistic
76,Advanced,Philosophy,Men,2015,59.3,Humanistic
77,Advanced,Latin and ancient culture,Men,2015,62.4,Languages
78,Advanced,Informatics,Men,2015,46.7,Sciences
79,Advanced,Kashubian,Men,2015,59.0,Languages
80,Advanced,Lemko ,Men,2015,86.5,Languages
81,Advanced,Polish ,Altogether,2015,60.8,Humanistic
82,Advanced,Belarusian,Altogether,2015,100.0,Languages
83,Advanced,Lithuanian ,Altogether,2015,75.3,Languages
84,Advanced,Ukrainian ,Altogether,2015,97.7,Languages
85,Advanced,Maths,Altogether,2015,41.3,Sciences
86,Advanced,English,Altogether,2015,63.2,Languages
87,Advanced,German,Altogether,2015,62.7,Languages
88,Advanced,French,Altogether,2015,58.6,Languages
89,Advanced,Russian,Altogether,2015,65.7,Languages
90,Advanced,Spanish ,Altogether,2015,58.5,Languages
91,Advanced,Italian ,Altogether,2015,69.5,Languages
92,Advanced,Civics,Altogether,2015,26.5,Humanistic
93,Advanced,Geography,Altogether,2015,41.5,Sciences
94,Advanced,Biology,Altogether,2015,43.0,Sciences
95,Advanced,Chemistry,Altogether,2015,51.7,Sciences
96,Advanced,History,Altogether,2015,49.8,Humanistic
97,Advanced,Physics,Altogether,2015,43.8,Sciences
98,Advanced,History of music,Altogether,2015,59.8,Humanistic
99,Advanced,History of art,Altogether,2015,45.0,Humanistic
100,Advanced,Philosophy,Altogether,2015,61.9,Humanistic
101,Advanced,Latin and ancient culture,Altogether,2015,56.1,Languages
102,Advanced,Informatics,Altogether,2015,46.3,Sciences
103,Advanced,Kashubian,Altogether,2015,64.3,Languages
104,Advanced,Lemko ,Altogether,2015,95.0,Languages
105,Basic,Polish ,Women,2016,62.0,Humanistic
106,Basic,Belarusian,Women,2016,73.5,Languages
107,Basic,Lithuanian ,Women,2016,83.8,Languages
108,Basic,Ukrainian ,Women,2016,78.4,Languages
109,Basic,Maths,Women,2016,55.6,Sciences
110,Basic,English,Women,2016,70.6,Languages
111,Basic,German,Women,2016,73.0,Languages
112,Basic,French,Women,2016,78.6,Languages
113,Basic,Russian,Women,2016,64.9,Languages
114,Basic,Spanish ,Women,2016,81.8,Languages
115,Basic,Italian ,Women,2016,80.1,Languages
116,Basic,Polish ,Men,2016,55.5,Humanistic
117,Basic,Belarusian,Men,2016,64.0,Languages
118,Basic,Lithuanian ,Men,2016,81.1,Languages
119,Basic,Ukrainian ,Men,2016,70.9,Languages
120,Basic,Maths,Men,2016,56.7,Sciences
121,Basic,English,Men,2016,72.4,Languages
122,Basic,German,Men,2016,67.9,Languages
123,Basic,French,Men,2016,79.3,Languages
124,Basic,Russian,Men,2016,58.7,Languages
125,Basic,Spanish ,Men,2016,82.1,Languages
126,Basic,Italian ,Men,2016,83.6,Languages
127,Basic,Polish ,Altogether,2016,59.1,Humanistic
128,Basic,Belarusian,Altogether,2016,69.6,Languages
129,Basic,Lithuanian ,Altogether,2016,83.0,Languages
130,Basic,Ukrainian ,Altogether,2016,75.5,Languages
131,Basic,Maths,Altogether,2016,56.1,Sciences
132,Basic,English,Altogether,2016,71.4,Languages
133,Basic,German,Altogether,2016,71.1,Languages
134,Basic,French,Altogether,2016,78.8,Languages
135,Basic,Russian,Altogether,2016,62.8,Languages
136,Basic,Spanish ,Altogether,2016,81.9,Languages
137,Basic,Italian ,Altogether,2016,80.9,Languages
138,Advanced,Polish ,Women,2016,61.3,Humanistic
139,Advanced,Belarusian,Women,2016,100.0,Languages
140,Advanced,Lithuanian ,Women,2016,79.9,Languages
141,Advanced,Ukrainian ,Women,2016,90.4,Languages
142,Advanced,Maths,Women,2016,32.8,Sciences
143,Advanced,English,Women,2016,55.0,Languages
144,Advanced,German,Women,2016,53.8,Languages
145,Advanced,French,Women,2016,65.3,Languages
146,Advanced,Russian,Women,2016,57.2,Languages
147,Advanced,Spanish ,Women,2016,58.2,Languages
148,Advanced,Italian ,Women,2016,65.9,Languages
149,Advanced,Civics,Women,2016,25.5,Humanistic
150,Advanced,Geography,Women,2016,37.9,Sciences
151,Advanced,Biology,Women,2016,36.1,Sciences
152,Advanced,Chemistry,Women,2016,37.4,Sciences
153,Advanced,History,Women,2016,41.7,Humanistic
154,Advanced,Physics,Women,2016,41.9,Sciences
155,Advanced,History of music,Women,2016,53.6,Humanistic
156,Advanced,History of art,Women,2016,45.9,Humanistic
157,Advanced,Philosophy,Women,2016,53.7,Humanistic
158,Advanced,Latin and ancient culture,Women,2016,50.2,Languages
159,Advanced,Informatics,Women,2016,42.8,Sciences
160,Advanced,Kashubian,Women,2016,64.0,Languages
161,Advanced,Lemko ,Women,2016,95.0,Languages
162,Advanced,Polish ,Men,2016,58.6,Humanistic
163,Advanced,Belarusian,Men,2016,100.0,Languages
164,Advanced,Lithuanian ,Men,2016,78.3,Languages
165,Advanced,Ukrainian ,Men,2016,75.8,Languages
166,Advanced,Maths,Men,2016,29.1,Sciences
167,Advanced,English,Men,2016,55.2,Languages
168,Advanced,German,Men,2016,53.4,Languages
169,Advanced,French,Men,2016,63.7,Languages
170,Advanced,Russian,Men,2016,56.6,Languages
171,Advanced,Spanish ,Men,2016,59.0,Languages
172,Advanced,Italian ,Men,2016,71.1,Languages
173,Advanced,Civics,Men,2016,28.9,Humanistic
174,Advanced,Geography,Men,2016,39.9,Sciences
175,Advanced,Biology,Men,2016,36.8,Sciences
176,Advanced,Chemistry,Men,2016,42.1,Sciences
177,Advanced,History,Men,2016,42.2,Humanistic
178,Advanced,Physics,Men,2016,40.7,Sciences
179,Advanced,History of music,Men,2016,45.7,Humanistic
180,Advanced,History of art,Men,2016,40.4,Humanistic
181,Advanced,Philosophy,Men,2016,44.3,Humanistic
182,Advanced,Latin and ancient culture,Men,2016,45.9,Languages
183,Advanced,Informatics,Men,2016,38.5,Sciences
184,Advanced,Kashubian,Men,2016,43.8,Languages
185,Advanced,Lemko ,Men,2016,86.5,Languages
186,Advanced,Polish ,Altogether,2016,60.7,Humanistic
187,Advanced,Belarusian,Altogether,2016,100.0,Languages
188,Advanced,Lithuanian ,Altogether,2016,79.4,Languages
189,Advanced,Ukrainian ,Altogether,2016,86.9,Languages
190,Advanced,Maths,Altogether,2016,30.5,Sciences
191,Advanced,English,Altogether,2016,55.1,Languages
192,Advanced,German,Altogether,2016,53.7,Languages
193,Advanced,French,Altogether,2016,65.0,Languages
194,Advanced,Russian,Altogether,2016,57.0,Languages
195,Advanced,Spanish ,Altogether,2016,58.4,Languages
196,Advanced,Italian ,Altogether,2016,67.1,Languages
197,Advanced,Civics,Altogether,2016,26.9,Humanistic
198,Advanced,Geography,Altogether,2016,38.8,Sciences
199,Advanced,Biology,Altogether,2016,36.3,Sciences
200,Advanced,Chemistry,Altogether,2016,38.7,Sciences
201,Advanced,History,Altogether,2016,42.0,Humanistic
202,Advanced,Physics,Altogether,2016,41.0,Sciences
203,Advanced,History of music,Altogether,2016,49.9,Humanistic
204,Advanced,History of art,Altogether,2016,44.8,Humanistic
205,Advanced,Philosophy,Altogether,2016,48.6,Humanistic
206,Advanced,Latin and ancient culture,Altogether,2016,48.4,Languages
207,Advanced,Informatics,Altogether,2016,38.9,Sciences
208,Advanced,Kashubian,Altogether,2016,55.9,Languages
209,Advanced,Lemko ,Altogether,2016,47.5,Languages
210,Basic,Polish ,Women,2017,59.1,Humanistic
211,Basic,Belarusian,Women,2017,78.2,Languages
212,Basic,Lithuanian ,Women,2017,83.4,Languages
213,Basic,Ukrainian ,Women,2017,77.6,Languages
214,Basic,Maths,Women,2017,54.0,Sciences
215,Basic,English,Women,2017,70.7,Languages
216,Basic,German,Women,2017,65.7,Languages
217,Basic,French,Women,2017,77.5,Languages
218,Basic,Russian,Women,2017,63.4,Languages
219,Basic,Spanish ,Women,2017,77.1,Languages
220,Basic,Italian ,Women,2017,81.4,Languages
221,Basic,Polish ,Men,2017,53.1,Humanistic
222,Basic,Belarusian,Men,2017,68.5,Languages
223,Basic,Lithuanian ,Men,2017,67.3,Languages
224,Basic,Ukrainian ,Men,2017,74.7,Languages
225,Basic,Maths,Men,2017,55.1,Sciences
226,Basic,English,Men,2017,72.4,Languages
227,Basic,German,Men,2017,63.4,Languages
228,Basic,French,Men,2017,79.5,Languages
229,Basic,Russian,Men,2017,57.5,Languages
230,Basic,Spanish ,Men,2017,78.3,Languages
231,Basic,Italian ,Men,2017,80.4,Languages
232,Basic,Polish ,Altogether,2017,56.4,Humanistic
233,Basic,Belarusian,Altogether,2017,73.7,Languages
234,Basic,Lithuanian ,Altogether,2017,75.8,Languages
235,Basic,Ukrainian ,Altogether,2017,76.5,Languages
236,Basic,Maths,Altogether,2017,54.5,Sciences
237,Basic,English,Altogether,2017,71.5,Languages
238,Basic,German,Altogether,2017,64.9,Languages
239,Basic,French,Altogether,2017,78.1,Languages
240,Basic,Russian,Altogether,2017,61.3,Languages
241,Basic,Spanish ,Altogether,2017,77.4,Languages
242,Basic,Italian ,Altogether,2017,81.1,Languages
243,Advanced,Polish ,Women,2017,50.4,Humanistic
244,Advanced,Belarusian,Women,2017,100.0,Languages
245,Advanced,Lithuanian ,Women,2017,84.3,Languages
246,Advanced,Ukrainian ,Women,2017,81.4,Languages
247,Advanced,Maths,Women,2017,41.6,Sciences
248,Advanced,English,Women,2017,59.5,Languages
249,Advanced,German,Women,2017,56.0,Languages
250,Advanced,French,Women,2017,60.8,Languages
251,Advanced,Russian,Women,2017,57.1,Languages
252,Advanced,Spanish ,Women,2017,55.5,Languages
253,Advanced,Italian ,Women,2017,68.3,Languages
254,Advanced,Civics,Women,2017,25.0,Humanistic
255,Advanced,Geography,Women,2017,30.4,Sciences
256,Advanced,Biology,Women,2017,36.5,Sciences
257,Advanced,Chemistry,Women,2017,39.9,Sciences
258,Advanced,History,Women,2017,32.0,Humanistic
259,Advanced,Physics,Women,2017,39.8,Sciences
260,Advanced,History of music,Women,2017,53.2,Humanistic
261,Advanced,History of art,Women,2017,45.5,Humanistic
262,Advanced,Philosophy,Women,2017,44.2,Humanistic
263,Advanced,Latin and ancient culture,Women,2017,60.4,Languages
264,Advanced,Informatics,Women,2017,34.1,Sciences
265,Advanced,Kashubian,Women,2017,75.5,Languages
266,Advanced,Lemko ,Women,2017,90.0,Languages
267,Advanced,Polish ,Men,2017,47.6,Humanistic
268,Advanced,Belarusian,Men,2017,100.0,Languages
269,Advanced,Lithuanian ,Men,2017,65.9,Languages
270,Advanced,Ukrainian ,Men,2017,78.6,Languages
271,Advanced,Maths,Men,2017,34.1,Sciences
272,Advanced,English,Men,2017,59.8,Languages
273,Advanced,German,Men,2017,54.8,Languages
274,Advanced,French,Men,2017,63.8,Languages
275,Advanced,Russian,Men,2017,56.8,Languages
276,Advanced,Spanish ,Men,2017,52.4,Languages
277,Advanced,Italian ,Men,2017,67.6,Languages
278,Advanced,Civics,Men,2017,28.5,Humanistic
279,Advanced,Geography,Men,2017,30.7,Sciences
280,Advanced,Biology,Men,2017,37.0,Sciences
281,Advanced,Chemistry,Men,2017,44.8,Sciences
282,Advanced,History,Men,2017,34.5,Humanistic
283,Advanced,Physics,Men,2017,40.3,Sciences
284,Advanced,History of music,Men,2017,37.9,Humanistic
285,Advanced,History of art,Men,2017,37.6,Humanistic
286,Advanced,Philosophy,Men,2017,40.0,Humanistic
287,Advanced,Latin and ancient culture,Men,2017,71.3,Languages
288,Advanced,Informatics,Men,2017,32.8,Sciences
289,Advanced,Kashubian,Men,2017,70.0,Languages
290,Advanced,Lemko ,Men,2017,86.5,Languages
291,Advanced,Polish ,Altogether,2017,49.7,Humanistic
292,Advanced,Belarusian,Altogether,2017,100.0,Languages
293,Advanced,Lithuanian ,Altogether,2017,76.7,Languages
294,Advanced,Ukrainian ,Altogether,2017,80.5,Languages
295,Advanced,Maths,Altogether,2017,36.9,Sciences
296,Advanced,English,Altogether,2017,59.6,Languages
297,Advanced,German,Altogether,2017,55.6,Languages
298,Advanced,French,Altogether,2017,61.5,Languages
299,Advanced,Russian,Altogether,2017,57.0,Languages
300,Advanced,Spanish ,Altogether,2017,54.7,Languages
301,Advanced,Italian ,Altogether,2017,68.1,Languages
302,Advanced,Civics,Altogether,2017,26.4,Humanistic
303,Advanced,Geography,Altogether,2017,30.6,Sciences
304,Advanced,Biology,Altogether,2017,36.6,Sciences
305,Advanced,Chemistry,Altogether,2017,41.2,Sciences
306,Advanced,History,Altogether,2017,33.3,Humanistic
307,Advanced,Physics,Altogether,2017,40.2,Sciences
308,Advanced,History of music,Altogether,2017,46.6,Humanistic
309,Advanced,History of art,Altogether,2017,44.0,Humanistic
310,Advanced,Philosophy,Altogether,2017,42.0,Humanistic
311,Advanced,Latin and ancient culture,Altogether,2017,64.5,Languages
312,Advanced,Informatics,Altogether,2017,32.9,Sciences
313,Advanced,Kashubian,Altogether,2017,73.7,Languages
314,Advanced,Lemko ,Altogether,2017,90.0,Languages
315,Basic,Polish ,Women,2018,58.2,Humanistic
316,Basic,Belarusian,Women,2018,73.4,Languages
317,Basic,Lithuanian ,Women,2018,79.6,Languages
318,Basic,Ukrainian ,Women,2018,78.5,Languages
319,Basic,Maths,Women,2018,55.2,Sciences
320,Basic,English,Women,2018,72.4,Languages
321,Basic,German,Women,2018,62.0,Languages
322,Basic,French,Women,2018,81.8,Languages
323,Basic,Russian,Women,2018,62.4,Languages
324,Basic,Spanish ,Women,2018,78.6,Languages
325,Basic,Italian ,Women,2018,81.5,Languages
326,Basic,Polish ,Men,2018,51.9,Humanistic
327,Basic,Belarusian,Men,2018,62.5,Languages
328,Basic,Lithuanian ,Men,2018,77.0,Languages
329,Basic,Ukrainian ,Men,2018,72.7,Languages
330,Basic,Maths,Men,2018,56.1,Sciences
331,Basic,English,Men,2018,73.9,Languages
332,Basic,German,Men,2018,60.3,Languages
333,Basic,French,Men,2018,83.3,Languages
334,Basic,Russian,Men,2018,57.7,Languages
335,Basic,Spanish ,Men,2018,80.0,Languages
336,Basic,Italian ,Men,2018,82.5,Languages
337,Basic,Polish ,Altogether,2018,55.3,Humanistic
338,Basic,Belarusian,Altogether,2018,70.0,Languages
339,Basic,Lithuanian ,Altogether,2018,78.8,Languages
340,Basic,Ukrainian ,Altogether,2018,76.4,Languages
341,Basic,Maths,Altogether,2018,55.6,Sciences
342,Basic,English,Altogether,2018,73.1,Languages
343,Basic,German,Altogether,2018,61.4,Languages
344,Basic,French,Altogether,2018,82.2,Languages
345,Basic,Russian,Altogether,2018,60.7,Languages
346,Basic,Spanish ,Altogether,2018,79.0,Languages
347,Basic,Italian ,Altogether,2018,81.8,Languages
348,Advanced,Polish ,Women,2018,51.8,Humanistic
349,Advanced,Belarusian,Women,2018,100.0,Languages
350,Advanced,Lithuanian ,Women,2018,87.3,Languages
351,Advanced,Ukrainian ,Women,2018,85.1,Languages
352,Advanced,Maths,Women,2018,31.5,Sciences
353,Advanced,English,Women,2018,56.8,Languages
354,Advanced,German,Women,2018,53.7,Languages
355,Advanced,French,Women,2018,67.3,Languages
356,Advanced,Russian,Women,2018,59.5,Languages
357,Advanced,Spanish ,Women,2018,55.6,Languages
358,Advanced,Italian ,Women,2018,68.8,Languages
359,Advanced,Civics,Women,2018,26.6,Humanistic
360,Advanced,Geography,Women,2018,30.3,Sciences
361,Advanced,Biology,Women,2018,31.7,Sciences
362,Advanced,Chemistry,Women,2018,38.4,Sciences
363,Advanced,History,Women,2018,31.3,Humanistic
364,Advanced,Physics,Women,2018,35.5,Sciences
365,Advanced,History of music,Women,2018,53.7,Humanistic
366,Advanced,History of art,Women,2018,45.6,Humanistic
367,Advanced,Philosophy,Women,2018,42.2,Humanistic
368,Advanced,Latin and ancient culture,Women,2018,53.9,Languages
369,Advanced,Informatics,Women,2018,37.4,Sciences
370,Advanced,Kashubian,Women,2018,63.3,Languages
371,Advanced,Lemko ,Women,2018,92.3,Languages
372,Advanced,Polish ,Men,2018,48.9,Humanistic
373,Advanced,Belarusian,Men,2018,100.0,Languages
374,Advanced,Lithuanian ,Men,2018,75.5,Languages
375,Advanced,Ukrainian ,Men,2018,77.3,Languages
376,Advanced,Maths,Men,2018,26.8,Sciences
377,Advanced,English,Men,2018,57.9,Languages
378,Advanced,German,Men,2018,55.6,Languages
379,Advanced,French,Men,2018,65.6,Languages
380,Advanced,Russian,Men,2018,59.1,Languages
381,Advanced,Spanish ,Men,2018,55.0,Languages
382,Advanced,Italian ,Men,2018,71.7,Languages
383,Advanced,Civics,Men,2018,29.9,Humanistic
384,Advanced,Geography,Men,2018,30.6,Sciences
385,Advanced,Biology,Men,2018,33.0,Sciences
386,Advanced,Chemistry,Men,2018,43.5,Sciences
387,Advanced,History,Men,2018,33.3,Humanistic
388,Advanced,Physics,Men,2018,34.9,Sciences
389,Advanced,History of music,Men,2018,34.9,Humanistic
390,Advanced,History of art,Men,2018,38.7,Humanistic
391,Advanced,Philosophy,Men,2018,35.8,Humanistic
392,Advanced,Latin and ancient culture,Men,2018,65.2,Languages
393,Advanced,Informatics,Men,2018,33.8,Sciences
394,Advanced,Kashubian,Men,2018,46.5,Languages
395,Advanced,Lemko ,Men,2018,95.0,Languages
396,Advanced,Polish ,Altogether,2018,51.1,Humanistic
397,Advanced,Belarusian,Altogether,2018,100.0,Languages
398,Advanced,Lithuanian ,Altogether,2018,83.4,Languages
399,Advanced,Ukrainian ,Altogether,2018,83.6,Languages
400,Advanced,Maths,Altogether,2018,28.6,Sciences
401,Advanced,English,Altogether,2018,57.3,Languages
402,Advanced,German,Altogether,2018,54.3,Languages
403,Advanced,French,Altogether,2018,67.0,Languages
404,Advanced,Russian,Altogether,2018,59.3,Languages
405,Advanced,Spanish ,Altogether,2018,55.5,Languages
406,Advanced,Italian ,Altogether,2018,69.6,Languages
407,Advanced,Civics,Altogether,2018,27.9,Humanistic
408,Advanced,Geography,Altogether,2018,30.4,Sciences
409,Advanced,Biology,Altogether,2018,32.0,Sciences
410,Advanced,Chemistry,Altogether,2018,39.7,Sciences
411,Advanced,History,Altogether,2018,32.4,Humanistic
412,Advanced,Physics,Altogether,2018,35.0,Sciences
413,Advanced,History of music,Altogether,2018,45.7,Humanistic
414,Advanced,History of art,Altogether,2018,44.4,Humanistic
415,Advanced,Philosophy,Altogether,2018,38.9,Humanistic
416,Advanced,Latin and ancient culture,Altogether,2018,58.0,Languages
417,Advanced,Informatics,Altogether,2018,34.1,Sciences
418,Advanced,Kashubian,Altogether,2018,61.9,Languages
419,Advanced,Lemko ,Altogether,2018,95.0,Languages
420,Basic,Polish ,Women,2019,54.6,Humanistic
421,Basic,Belarusian,Women,2019,75.3,Languages
422,Basic,Lithuanian ,Women,2019,77.5,Languages
423,Basic,Ukrainian ,Women,2019,73.0,Languages
424,Basic,Maths,Women,2019,58.1,Sciences
425,Basic,English,Women,2019,71.5,Languages
426,Basic,German,Women,2019,61.3,Languages
427,Basic,French,Women,2019,80.5,Languages
428,Basic,Russian,Women,2019,67.3,Languages
429,Basic,Spanish ,Women,2019,76.4,Languages
430,Basic,Italian ,Women,2019,81.4,Languages
431,Basic,Polish ,Men,2019,48.5,Humanistic
432,Basic,Belarusian,Men,2019,66.8,Languages
433,Basic,Lithuanian ,Men,2019,73.6,Languages
434,Basic,Ukrainian ,Men,2019,68.7,Languages
435,Basic,Maths,Men,2019,58.8,Sciences
436,Basic,English,Men,2019,73.5,Languages
437,Basic,German,Men,2019,60.5,Languages
438,Basic,French,Men,2019,82.0,Languages
439,Basic,Russian,Men,2019,59.8,Languages
440,Basic,Spanish ,Men,2019,78.5,Languages
441,Basic,Italian ,Men,2019,83.1,Languages
442,Basic,Polish ,Altogether,2019,51.8,Humanistic
443,Basic,Belarusian,Altogether,2019,72.2,Languages
444,Basic,Lithuanian ,Altogether,2019,76.3,Languages
445,Basic,Ukrainian ,Altogether,2019,71.8,Languages
446,Basic,Maths,Altogether,2019,58.4,Sciences
447,Basic,English,Altogether,2019,72.4,Languages
448,Basic,German,Altogether,2019,61.1,Languages
449,Basic,French,Altogether,2019,80.9,Languages
450,Basic,Russian,Altogether,2019,64.7,Languages
451,Basic,Spanish ,Altogether,2019,77.0,Languages
452,Basic,Italian ,Altogether,2019,81.9,Languages
453,Advanced,Polish ,Women,2019,56.4,Humanistic
454,Advanced,Belarusian,Women,2019,100.0,Languages
455,Advanced,Lithuanian ,Women,2019,90.9,Languages
456,Advanced,Ukrainian ,Women,2019,83.3,Languages
457,Advanced,Maths,Women,2019,42.6,Sciences
458,Advanced,English,Women,2019,56.0,Languages
459,Advanced,German,Women,2019,55.7,Languages
460,Advanced,French,Women,2019,66.6,Languages
461,Advanced,Russian,Women,2019,61.9,Languages
462,Advanced,Spanish ,Women,2019,54.7,Languages
463,Advanced,Italian ,Women,2019,71.1,Languages
464,Advanced,Civics,Women,2019,25.1,Humanistic
465,Advanced,Geography,Women,2019,28.4,Sciences
466,Advanced,Biology,Women,2019,32.7,Sciences
467,Advanced,Chemistry,Women,2019,38.9,Sciences
468,Advanced,History,Women,2019,34.7,Humanistic
469,Advanced,Physics,Women,2019,44.0,Sciences
470,Advanced,History of music,Women,2019,49.7,Humanistic
471,Advanced,History of art,Women,2019,50.1,Humanistic
472,Advanced,Philosophy,Women,2019,37.5,Humanistic
473,Advanced,Latin and ancient culture,Women,2019,60.0,Languages
474,Advanced,Informatics,Women,2019,38.8,Sciences
475,Advanced,Kashubian,Women,2019,51.1,Languages
476,Advanced,Lemko ,Women,2019,92.5,Languages
477,Advanced,Polish ,Men,2019,51.6,Humanistic
478,Advanced,Belarusian,Men,2019,100.0,Languages
479,Advanced,Lithuanian ,Men,2019,87.0,Languages
480,Advanced,Ukrainian ,Men,2019,60.3,Languages
481,Advanced,Maths,Men,2019,36.2,Sciences
482,Advanced,English,Men,2019,56.5,Languages
483,Advanced,German,Men,2019,56.8,Languages
484,Advanced,French,Men,2019,65.7,Languages
485,Advanced,Russian,Men,2019,63.5,Languages
486,Advanced,Spanish ,Men,2019,50.9,Languages
487,Advanced,Italian ,Men,2019,70.8,Languages
488,Advanced,Civics,Men,2019,29.3,Humanistic
489,Advanced,Geography,Men,2019,29.3,Sciences
490,Advanced,Biology,Men,2019,34.8,Sciences
491,Advanced,Chemistry,Men,2019,44.0,Sciences
492,Advanced,History,Men,2019,38.7,Humanistic
493,Advanced,Physics,Men,2019,41.9,Sciences
494,Advanced,History of music,Men,2019,40.4,Humanistic
495,Advanced,History of art,Men,2019,41.1,Humanistic
496,Advanced,Philosophy,Men,2019,35.8,Humanistic
497,Advanced,Latin and ancient culture,Men,2019,61.7,Languages
498,Advanced,Informatics,Men,2019,36.3,Sciences
499,Advanced,Kashubian,Men,2019,30.5,Languages
500,Advanced,Lemko ,Men,2019,78.0,Languages
501,Advanced,Polish ,Altogether,2019,55.3,Humanistic
502,Advanced,Belarusian,Altogether,2019,100.0,Languages
503,Advanced,Lithuanian ,Altogether,2019,89.9,Languages
504,Advanced,Ukrainian ,Altogether,2019,78.9,Languages
505,Advanced,Maths,Altogether,2019,38.6,Sciences
506,Advanced,English,Altogether,2019,56.2,Languages
507,Advanced,German,Altogether,2019,56.1,Languages
508,Advanced,French,Altogether,2019,66.4,Languages
509,Advanced,Russian,Altogether,2019,62.4,Languages
510,Advanced,Spanish ,Altogether,2019,53.8,Languages
511,Advanced,Italian ,Altogether,2019,71.0,Languages
512,Advanced,Civics,Altogether,2019,26.8,Humanistic
513,Advanced,Geography,Altogether,2019,28.8,Sciences
514,Advanced,Biology,Altogether,2019,33.2,Sciences
515,Advanced,Chemistry,Altogether,2019,40.2,Sciences
516,Advanced,History,Altogether,2019,36.8,Humanistic
517,Advanced,Physics,Altogether,2019,42.4,Sciences
518,Advanced,History of music,Altogether,2019,46.3,Humanistic
519,Advanced,History of art,Altogether,2019,48.4,Humanistic
520,Advanced,Philosophy,Altogether,2019,36.7,Humanistic
521,Advanced,Latin and ancient culture,Altogether,2019,60.5,Languages
522,Advanced,Informatics,Altogether,2019,36.5,Sciences
523,Advanced,Kashubian,Altogether,2019,44.2,Languages
524,Advanced,Lemko ,Altogether,2019,87.7,Languages
525,Basic,Polish ,Women,2020,55.3,Humanistic
526,Basic,Belarusian,Women,2020,75.6,Languages
527,Basic,Lithuanian ,Women,2020,82.7,Languages
528,Basic,Ukrainian ,Women,2020,81.3,Languages
529,Basic,Maths,Women,2020,52.4,Sciences
530,Basic,English,Women,2020,69.9,Languages
531,Basic,German,Women,2020,55.1,Languages
532,Basic,French,Women,2020,84.7,Languages
533,Basic,Russian,Women,2020,60.9,Languages
534,Basic,Spanish ,Women,2020,75.0,Languages
535,Basic,Italian ,Women,2020,80.4,Languages
536,Basic,Polish ,Men,2020,48.4,Humanistic
537,Basic,Belarusian,Men,2020,64.1,Languages
538,Basic,Lithuanian ,Men,2020,79.8,Languages
539,Basic,Ukrainian ,Men,2020,73.0,Languages
540,Basic,Maths,Men,2020,52.1,Sciences
541,Basic,English,Men,2020,72.6,Languages
542,Basic,German,Men,2020,55.2,Languages
543,Basic,French,Men,2020,82.7,Languages
544,Basic,Russian,Men,2020,57.8,Languages
545,Basic,Spanish ,Men,2020,75.7,Languages
546,Basic,Italian ,Men,2020,75.0,Languages
547,Basic,Polish ,Altogether,2020,52.1,Humanistic
548,Basic,Belarusian,Altogether,2020,71.0,Languages
549,Basic,Lithuanian ,Altogether,2020,81.4,Languages
550,Basic,Ukrainian ,Altogether,2020,77.7,Languages
551,Basic,Maths,Altogether,2020,52.3,Sciences
552,Basic,English,Altogether,2020,71.1,Languages
553,Basic,German,Altogether,2020,55.1,Languages
554,Basic,French,Altogether,2020,84.1,Languages
555,Basic,Russian,Altogether,2020,59.7,Languages
556,Basic,Spanish ,Altogether,2020,75.2,Languages
557,Basic,Italian ,Altogether,2020,78.9,Languages
558,Advanced,Polish ,Women,2020,58.1,Humanistic
559,Advanced,Belarusian,Women,2020,98.6,Languages
560,Advanced,Lithuanian ,Women,2020,85.2,Languages
561,Advanced,Ukrainian ,Women,2020,82.6,Languages
562,Advanced,Maths,Women,2020,37.6,Sciences
563,Advanced,English,Women,2020,55.7,Languages
564,Advanced,German,Women,2020,56.1,Languages
565,Advanced,French,Women,2020,60.6,Languages
566,Advanced,Russian,Women,2020,65.8,Languages
567,Advanced,Spanish ,Women,2020,55.7,Languages
568,Advanced,Italian ,Women,2020,70.7,Languages
569,Advanced,Civics,Women,2020,27.0,Humanistic
570,Advanced,Geography,Women,2020,20.3,Sciences
571,Advanced,Biology,Women,2020,43.0,Sciences
572,Advanced,Chemistry,Women,2020,36.4,Sciences
573,Advanced,History,Women,2020,30.9,Humanistic
574,Advanced,Physics,Women,2020,35.4,Sciences
575,Advanced,History of music,Women,2020,53.2,Humanistic
576,Advanced,History of art,Women,2020,42.5,Humanistic
577,Advanced,Philosophy,Women,2020,38.2,Humanistic
578,Advanced,Latin and ancient culture,Women,2020,45.5,Languages
579,Advanced,Informatics,Women,2020,32.6,Sciences
580,Advanced,Kashubian,Women,2020,63.2,Languages
581,Advanced,Lemko ,Women,2020,92.3,Languages
582,Advanced,Polish ,Men,2020,54.7,Humanistic
583,Advanced,Belarusian,Men,2020,98.8,Languages
584,Advanced,Lithuanian ,Men,2020,82.7,Languages
585,Advanced,Ukrainian ,Men,2020,68.3,Languages
586,Advanced,Maths,Men,2020,31.2,Sciences
587,Advanced,English,Men,2020,55.9,Languages
588,Advanced,German,Men,2020,55.8,Languages
589,Advanced,French,Men,2020,57.9,Languages
590,Advanced,Russian,Men,2020,68.9,Languages
591,Advanced,Spanish ,Men,2020,54.0,Languages
592,Advanced,Italian ,Men,2020,71.0,Languages
593,Advanced,Civics,Men,2020,32.5,Humanistic
594,Advanced,Geography,Men,2020,20.8,Sciences
595,Advanced,Biology,Men,2020,43.2,Sciences
596,Advanced,Chemistry,Men,2020,43.5,Sciences
597,Advanced,History,Men,2020,35.6,Humanistic
598,Advanced,Physics,Men,2020,34.2,Sciences
599,Advanced,History of music,Men,2020,44.0,Humanistic
600,Advanced,History of art,Men,2020,34.2,Humanistic
601,Advanced,Philosophy,Men,2020,36.5,Humanistic
602,Advanced,Latin and ancient culture,Men,2020,53.2,Languages
603,Advanced,Informatics,Men,2020,28.6,Sciences
604,Advanced,Kashubian,Men,2020,64.3,Languages
605,Advanced,Lemko ,Men,2020,86.5,Languages
606,Advanced,Polish ,Altogether,2020,57.3,Humanistic
607,Advanced,Belarusian,Altogether,2020,98.6,Languages
608,Advanced,Lithuanian ,Altogether,2020,84.4,Languages
609,Advanced,Ukrainian ,Altogether,2020,76.0,Languages
610,Advanced,Maths,Altogether,2020,33.7,Sciences
611,Advanced,English,Altogether,2020,55.8,Languages
612,Advanced,German,Altogether,2020,56.0,Languages
613,Advanced,French,Altogether,2020,60.0,Languages
614,Advanced,Russian,Altogether,2020,66.9,Languages
615,Advanced,Spanish ,Altogether,2020,55.3,Languages
616,Advanced,Italian ,Altogether,2020,70.8,Languages
617,Advanced,Civics,Altogether,2020,29.3,Humanistic
618,Advanced,Geography,Altogether,2020,20.5,Sciences
619,Advanced,Biology,Altogether,2020,43.0,Sciences
620,Advanced,Chemistry,Altogether,2020,38.3,Sciences
621,Advanced,History,Altogether,2020,33.4,Humanistic
622,Advanced,Physics,Altogether,2020,34.5,Sciences
623,Advanced,History of music,Altogether,2020,49.5,Humanistic
624,Advanced,History of art,Altogether,2020,40.9,Humanistic
625,Advanced,Philosophy,Altogether,2020,37.4,Humanistic
626,Advanced,Latin and ancient culture,Altogether,2020,47.7,Languages
627,Advanced,Informatics,Altogether,2020,29.0,Sciences
628,Advanced,Kashubian,Altogether,2020,63.5,Languages
629,Advanced,Lemko ,Altogether,2020,84.03333333333333,Languages
630,Basic,Polish ,Women,2021,58.1,Humanistic
631,Basic,Belarusian,Women,2021,72.0,Languages
632,Basic,Lithuanian ,Women,2021,80.3,Languages
633,Basic,Ukrainian ,Women,2021,84.0,Languages
634,Basic,Maths,Women,2021,56.5,Sciences
635,Basic,English,Women,2021,75.4,Languages
636,Basic,German,Women,2021,58.6,Languages
637,Basic,French,Women,2021,81.5,Languages
638,Basic,Russian,Women,2021,69.4,Languages
639,Basic,Spanish ,Women,2021,75.9,Languages
640,Basic,Italian ,Women,2021,80.2,Languages
641,Basic,Polish ,Men,2021,51.9,Humanistic
642,Basic,Belarusian,Men,2021,59.7,Languages
643,Basic,Lithuanian ,Men,2021,68.4,Languages
644,Basic,Ukrainian ,Men,2021,80.2,Languages
645,Basic,Maths,Men,2021,56.3,Sciences
646,Basic,English,Men,2021,77.4,Languages
647,Basic,German,Men,2021,57.9,Languages
648,Basic,French,Men,2021,83.5,Languages
649,Basic,Russian,Men,2021,65.2,Languages
650,Basic,Spanish ,Men,2021,77.8,Languages
651,Basic,Italian ,Men,2021,82.2,Languages
652,Basic,Polish ,Altogether,2021,55.2,Humanistic
653,Basic,Belarusian,Altogether,2021,67.0,Languages
654,Basic,Lithuanian ,Altogether,2021,75.1,Languages
655,Basic,Ukrainian ,Altogether,2021,82.7,Languages
656,Basic,Maths,Altogether,2021,56.4,Sciences
657,Basic,English,Altogether,2021,76.3,Languages
658,Basic,German,Altogether,2021,58.4,Languages
659,Basic,French,Altogether,2021,82.0,Languages
660,Basic,Russian,Altogether,2021,67.9,Languages
661,Basic,Spanish ,Altogether,2021,76.4,Languages
662,Basic,Italian ,Altogether,2021,80.8,Languages
663,Advanced,Polish ,Women,2021,50.3,Humanistic
664,Advanced,Belarusian,Women,2021,100.0,Languages
665,Advanced,Lithuanian ,Women,2021,87.4,Languages
666,Advanced,Ukrainian ,Women,2021,66.6,Languages
667,Advanced,Maths,Women,2021,34.4,Sciences
668,Advanced,English,Women,2021,65.3,Languages
669,Advanced,German,Women,2021,58.2,Languages
670,Advanced,French,Women,2021,63.9,Languages
671,Advanced,Russian,Women,2021,74.8,Languages
672,Advanced,Spanish ,Women,2021,60.0,Languages
673,Advanced,Italian ,Women,2021,71.6,Languages
674,Advanced,Civics,Women,2021,25.1,Humanistic
675,Advanced,Geography,Women,2021,33.0,Sciences
676,Advanced,Biology,Women,2021,32.8,Sciences
677,Advanced,Chemistry,Women,2021,33.3,Sciences
678,Advanced,History,Women,2021,33.4,Humanistic
679,Advanced,Physics,Women,2021,38.1,Sciences
680,Advanced,History of music,Women,2021,48.8,Humanistic
681,Advanced,History of art,Women,2021,44.7,Humanistic
682,Advanced,Philosophy,Women,2021,29.0,Humanistic
683,Advanced,Latin and ancient culture,Women,2021,48.8,Languages
684,Advanced,Informatics,Women,2021,40.2,Sciences
685,Advanced,Kashubian,Women,2021,55.0,Languages
686,Advanced,Lemko ,Women,2021,89.0,Languages
687,Advanced,Polish ,Men,2021,44.9,Humanistic
688,Advanced,Belarusian,Men,2021,100.0,Languages
689,Advanced,Lithuanian ,Men,2021,68.1,Languages
690,Advanced,Ukrainian ,Men,2021,63.6,Languages
691,Advanced,Maths,Men,2021,29.3,Sciences
692,Advanced,English,Men,2021,64.6,Languages
693,Advanced,German,Men,2021,58.7,Languages
694,Advanced,French,Men,2021,62.9,Languages
695,Advanced,Russian,Men,2021,77.4,Languages
696,Advanced,Spanish ,Men,2021,58.1,Languages
697,Advanced,Italian ,Men,2021,73.0,Languages
698,Advanced,Civics,Men,2021,32.0,Humanistic
699,Advanced,Geography,Men,2021,33.9,Sciences
700,Advanced,Biology,Men,2021,34.5,Sciences
701,Advanced,Chemistry,Men,2021,40.0,Sciences
702,Advanced,History,Men,2021,39.7,Humanistic
703,Advanced,Physics,Men,2021,36.9,Sciences
704,Advanced,History of music,Men,2021,40.0,Humanistic
705,Advanced,History of art,Men,2021,40.1,Humanistic
706,Advanced,Philosophy,Men,2021,29.9,Humanistic
707,Advanced,Latin and ancient culture,Men,2021,50.8,Languages
708,Advanced,Informatics,Men,2021,37.7,Sciences
709,Advanced,Kashubian,Men,2021,71.7,Languages
710,Advanced,Lemko ,Men,2021,86.5,Languages
711,Advanced,Polish ,Altogether,2021,49.1,Humanistic
712,Advanced,Belarusian,Altogether,2021,100.0,Languages
713,Advanced,Lithuanian ,Altogether,2021,79.3,Languages
714,Advanced,Ukrainian ,Altogether,2021,65.4,Languages
715,Advanced,Maths,Altogether,2021,31.4,Sciences
716,Advanced,English,Altogether,2021,65.0,Languages
717,Advanced,German,Altogether,2021,58.4,Languages
718,Advanced,French,Altogether,2021,63.7,Languages
719,Advanced,Russian,Altogether,2021,75.8,Languages
720,Advanced,Spanish ,Altogether,2021,59.6,Languages
721,Advanced,Italian ,Altogether,2021,72.0,Languages
722,Advanced,Civics,Altogether,2021,27.9,Humanistic
723,Advanced,Geography,Altogether,2021,33.4,Sciences
724,Advanced,Biology,Altogether,2021,33.2,Sciences
725,Advanced,Chemistry,Altogether,2021,35.0,Sciences
726,Advanced,History,Altogether,2021,36.6,Humanistic
727,Advanced,Physics,Altogether,2021,37.2,Sciences
728,Advanced,History of music,Altogether,2021,45.4,Humanistic
729,Advanced,History of art,Altogether,2021,43.9,Humanistic
730,Advanced,Philosophy,Altogether,2021,29.4,Humanistic
731,Advanced,Latin and ancient culture,Altogether,2021,49.4,Languages
732,Advanced,Informatics,Altogether,2021,37.9,Sciences
733,Advanced,Kashubian,Altogether,2021,61.3,Languages
734,Advanced,Lemko ,Altogether,2021,89.0,Languages
